{"w3": "{\"position\": {\"y\": -0.2876876389206715, \"x\": 2.517620314049931, \"z\": 0.10000000000000034}, \"orientation\": {\"y\": 0.0, \"x\": 0.0, \"z\": 0.9186066041758395, \"w\": 0.39517326170242467}}", "w2": "{\"position\": {\"y\": -1.6505320375685009, \"x\": 3.5550321799265636, \"z\": 0.10000000000000034}, \"orientation\": {\"y\": 0.0, \"x\": 0.0, \"z\": -0.4387114205513474, \"w\": 0.8986280039470276}}", "w1": "{\"position\": {\"y\": -3.4204665358181963, \"x\": 0.19889819111553908, \"z\": 0.10000000000000034}, \"orientation\": {\"y\": 0.0, \"x\": 0.0, \"z\": 0.9163937032512303, \"w\": 0.40027812910711996}}"}