{"ww4": "{\"position\": {\"y\": 0.7010646374848939, \"x\": 1.2128679714712232, \"z\": 0.10000000000000034}, \"orientation\": {\"y\": 0.0, \"x\": 0.0, \"z\": -0.1734653219409396, \"w\": 0.9848399779070335}}", "ww2": "{\"position\": {\"y\": -0.48694318705901973, \"x\": 1.1517230707241164, \"z\": 0.10000000000000034}, \"orientation\": {\"y\": 0.0, \"x\": 0.0, \"z\": -0.7239123264576564, \"w\": 0.6898919796625148}}", "w4": "{\"position\": {\"y\": -3.8719190819291036, \"x\": -1.081377321070908, \"z\": 0.10000000000000211}, \"orientation\": {\"y\": 0.0, \"x\": 0.0, \"z\": 0.7074131372080691, \"w\": 0.7068002923778667}}", "w3": "{\"position\": {\"y\": -3.109680692669651, \"x\": 1.0497164355255812, \"z\": 0.10000000000000211}, \"orientation\": {\"y\": 0.0, \"x\": 0.0, \"z\": 0.9982678579719347, \"w\": 0.058832675785868246}}", "w2": "{\"position\": {\"y\": 0.05080173713276209, \"x\": -1.0612316011226455, \"z\": 0.10000000000000123}, \"orientation\": {\"y\": 0.0, \"x\": 0.0, \"z\": 0.9982678579719347, \"w\": 0.058832675785868246}}", "w1": "{\"position\": {\"y\": -0.011222954398105611, \"x\": 0.9880766340827614, \"z\": 0.10000000000000034}, \"orientation\": {\"y\": 0.0, \"x\": 0.0, \"z\": 0.0, \"w\": 1.0}}"}