{"w3": "{\"position\": {\"y\": -0.43669717195935753, \"x\": -2.07162596811452, \"z\": 0.10000000000000034}, \"orientation\": {\"y\": 0.0, \"x\": 0.0, \"z\": 0.7183959241198683, \"w\": 0.6956344558803572}}", "w2": "{\"position\": {\"y\": 1.0645629046298772, \"x\": -2.06438283396029, \"z\": 0.10000000000000034}, \"orientation\": {\"y\": 0.0, \"x\": 0.0, \"z\": 0.7183959241198683, \"w\": 0.6956344558803572}}", "w1": "{\"position\": {\"y\": 0.47646341388942237, \"x\": 1.0264975586687566, \"z\": 0.10000000000000034}, \"orientation\": {\"y\": 0.0, \"x\": 0.0, \"z\": 0.0, \"w\": 1.0}}"}